<?xml version="1.0" encoding="UTF-8"?>
<project-private xmlns="http://www.netbeans.org/ns/project-private/1">
    <editor-bookmarks xmlns="http://www.netbeans.org/ns/editor-bookmarks/2" lastBookmarkId="0"/>
    <open-files xmlns="http://www.netbeans.org/ns/projectui-open-files/2">
        <group>
            <file>file:/home/razanateraa/public_html/Pj_livreAppli/Pj_livre/src/pj_livre/View/V_livre.java</file>
            <file>file:/home/razanateraa/public_html/Pj_livreAppli/Pj_livre/src/pj_livre/Models/M_Livre.java</file>
            <file>file:/home/razanateraa/public_html/Pj_livreAppli/Pj_livre/src/pj_livre/Controller/C_livre.java</file>
            <file>file:/home/razanateraa/public_html/Pj_livreAppli/Pj_livre/src/pj_livre/View/V_Main.java</file>
        </group>
    </open-files>
</project-private>
